Phage	Full name	Production host strain	Lifestyle	Genome accesion	Genome size (bp)	Morphotype	Class	Family	Subfamily	Genus	BW25113 susceptibility	BL21 susceptibility	BW25113 receptor	BW25113 LPS sugar	BL21 receptor	Receptor-binding protein	LPS sugar-binding protein	AF3 model	Predictive models set	Reference (doi)	Notes
C16	Escherichia phage C16	C63	lytic	not released	167220	Myovirus	Caudoviricetes	Straboviridae	Tevenvirinae	Tequatrovirus	Yes	Yes	Tsx	HepI	Tsx	OQAVUALE_CDS_0084	OQAVUALE_CDS_0276	incoherent	training		
L24	Enterobacteria phage L24	C63	lytic	not released	166859	Myovirus	Caudoviricetes	Straboviridae	Tevenvirinae	Tequatrovirus	Yes	Yes	Tsx	Kdo	Tsx	ZTDBOBZQ_CDS_0086	ZTDBOBZQ_CDS_0277	sound	training	10.1007/BF01728666	
LZ5	Enterobacteria phage LZ5	C63	lytic	not released	168683	Myovirus	Caudoviricetes	Straboviridae	Tevenvirinae	Tequatrovirus	Yes	Yes	Tsx	Kdo	Tsx	VZJAUQEM_CDS_0086	VZJAUQEM_CDS_0282	sound	training	10.1007/BF01728666	
RB2	Enterobacteria phage RB2	C63	lytic	not released	166408	Myovirus	Caudoviricetes	Straboviridae	Tevenvirinae	Tequatrovirus	Yes	Yes	Tsx	Kdo	Tsx	XIHQHGPR_CDS_0084	XIHQHGPR_CDS_0274	sound	training	10.1007/BF01728666	
Sew9	Escherichia phage Sew9	C63	lytic	not released	167254	Myovirus	Caudoviricetes	Straboviridae	Tevenvirinae	Tequatrovirus	Yes	Yes	Tsx	Kdo	Tsx	UGFUZLYE_CDS_0084	UGFUZLYE_CDS_0273	sound	training		
T6	Escherichia phage T6	MG1655_RM	lytic	MH550421.1	168706	Myovirus	Caudoviricetes	Straboviridae	Tevenvirinae	Tequatrovirus	Yes	Yes	Tsx	Kdo	Tsx	ZLCBAFUG_CDS_0254	ZLCBAFUG_CDS_0155	sound	training	10.1371/journal.pbio.3000877	
JK38	Shigella phage JK38	MG1655_RM	lytic	not released	167852	Myovirus	Caudoviricetes	Straboviridae	Tevenvirinae	Tequatrovirus	Yes	Yes	Tsx	Kdo	Tsx	BLZDQSKH_CDS_0086	BLZDQSKH_CDS_0275	sound	training	10.3390/v11100899	
Bas43	Escherichia phage TadeuszReichstein	MG1655_RM	lytic	not released	166115	Myovirus	Caudoviricetes	Straboviridae	Tevenvirinae	Tequatrovirus	Yes	Yes	Tsx	Kdo	Tsx	SRAIBYFW_CDS_0089	SRAIBYFW_CDS_0277	sound	training	10.1371/journal.pbio.3001424	
K11	Enterobacteria phage K11	MG1655_RM	lytic	not released	163205	Myovirus	Caudoviricetes	Straboviridae	Tevenvirinae	Tequatrovirus	Yes	Yes	Tsx	HepI	Tsx	PZWWLIZS_CDS_0081	PZWWLIZS_CDS_0272	incoherent	training	10.1128/jb.121.3.983-993.1975	
K9	Enterobacteria phage K9	MG1655_RM	lytic	not released	167443	Myovirus	Caudoviricetes	Straboviridae	Tevenvirinae	Tequatrovirus	Yes	Yes	Tsx	Kdo	Tsx	ZFENNYKY_CDS_0090	ZFENNYKY_CDS_0279	sound	training	10.1128/jb.121.3.983-993.1975	
K18	Enterobacteria phage K18	MG1655_RM	lytic	not released	167443	Myovirus	Caudoviricetes	Straboviridae	Tevenvirinae	Tequatrovirus	Yes	Yes	Tsx	Kdo	Tsx	BWSWRHVE_CDS_0089	JKMQHYMY_CDS_0172	sound	training	10.1128/jb.121.3.983-993.1975	
LZ6	Enterobacteria phage LZ6	MG1655_RM	lytic	not released	166335	Myovirus	Caudoviricetes	Straboviridae	Tevenvirinae	Tequatrovirus	Yes	Yes	Tsx	Kdo	Tsx	ITGDBUQU_CDS_0086	ITGDBUQU_CDS_0276	sound	training	10.1007/BF01728666	
LZ3	Enterobacteria phage LZ3	MG1655_RM	lytic	not released	166860	Myovirus	Caudoviricetes	Straboviridae	Tevenvirinae	Tequatrovirus	Yes	Yes	Tsx	Kdo	Not assayed	XTPMXKWF_CDS_0189	XTPMXKWF_CDS_0280	sound	training	10.1007/BF01728666	
NpR	Escherichia phage PinkRuby	MG1655_RM	lytic	not released	167361	Myovirus	Caudoviricetes	Straboviridae	Tevenvirinae	Tequatrovirus	Yes	Yes	Tsx	Kdo	Not assayed	QTYWOIZM_CDS_0085	QTYWOIZM_CDS_0277	sound	testing	10.1126/science.adk1183	
NpS	Escherichia phage SholemSchwarzbard	MG1655_RM	lytic	not released	167103	Myovirus	Caudoviricetes	Straboviridae	Tevenvirinae	Tequatrovirus	Yes	Yes	Tsx	Kdo	Not assayed	BPEHYGVS_CDS_0084	BPEHYGVS_CDS_0278	sound	testing	10.1126/science.adk1183	
LZ1	Enterobacteria phage LZ1	C63	lytic	not released	168184	Myovirus	Caudoviricetes	Straboviridae	Tevenvirinae	Tequatrovirus	Yes	Yes	Tsx	HepI	Tsx	JZJHXETI_CDS_0085	JZJHXETI_CDS_0279	sound	training	10.1007/BF01728666	
LZ4	Enterobacteria phage LZ4	C63	lytic	not released	167975	Myovirus	Caudoviricetes	Straboviridae	Tevenvirinae	Tequatrovirus	Yes	Yes	Tsx	HepI	Tsx	TBNBVBQC_CDS_0086	TBNBVBQC_CDS_0278	sound	training	10.1007/BF01728666	
LZ7	Enterobacteria phage LZ7	C63	lytic	not released	168434	Myovirus	Caudoviricetes	Straboviridae	Tevenvirinae	Tequatrovirus	Yes	Yes	Tsx	HepI	Tsx	UQSABSCK_CDS_0087	UQSABSCK_CDS_0280	incoherent	training	10.1007/BF01728666	
RB23	Escherichia phage RB23	C63	lytic	not released	166088	Myovirus	Caudoviricetes	Straboviridae	Tevenvirinae	Tequatrovirus	Yes	Yes	Tsx	HepI	Tsx	YNPXDITX_CDS_0087	YNPXDITX_CDS_0276	incoherent	training	10.1007/BF01728666	
RB25	Enterobacteria phage RB25	C63	lytic	not released	163036	Myovirus	Caudoviricetes	Straboviridae	Tevenvirinae	Tequatrovirus	Yes	Yes	Tsx	HepI	Tsx	JXEOMTQY_CDS_0083	JXEOMTQY_CDS_0271	incoherent	training	10.1007/BF01728666	
RB26	Enterobacteria phage RB26	C63	lytic	not released	163394	Myovirus	Caudoviricetes	Straboviridae	Tevenvirinae	Tequatrovirus	Yes	Yes	Tsx	HepI	Tsx	IQYLBBBO_CDS_0083	IQYLBBBO_CDS_0271	incoherent	training	10.1007/BF01728666	
RB58	Enterobacteria phage RB58	C63	lytic	not released	166643	Myovirus	Caudoviricetes	Straboviridae	Tevenvirinae	Tequatrovirus	Yes	Yes	Tsx	HepI	Tsx	EKEDCLNP_CDS_0087	EKEDCLNP_CDS_0276	incoherent	training	10.1007/BF01728666	
CM8	Shigella phage CM8	MG1655_RM	lytic	not released	167247	Myovirus	Caudoviricetes	Straboviridae	Tevenvirinae	Tequatrovirus	Yes	Yes	Tsx	HepI	Tsx	NUWIAWQO_CDS_0084	NUWIAWQO_CDS_0276	incoherent	training	10.3390/v11100899	
CM8m1	Escherichia phage CM8m1	BW25113_tsx	lytic	not released	166270	Myovirus	Caudoviricetes	Straboviridae	Tevenvirinae	Tequatrovirus	Yes	Yes	OmpA	HepI	Not assayed	PYPARLNW_CDS_0084	PYPARLNW_CDS_0276	incoherent	mutant		
CM8m3	Escherichia phage CM8m3	MG1655_RM	lytic	not released	166306	Myovirus	Caudoviricetes	Straboviridae	Tevenvirinae	Tequatrovirus	Yes	Yes	Tsx	Kdo	Not assayed	MWOMGAOQ_CDS_0083	MWOMGAOQ_CDS_0275	incoherent	mutant		
CM8m4	Escherichia phage CM8m4	BW25113_tsx	lytic	not released	166303	Myovirus	Caudoviricetes	Straboviridae	Tevenvirinae	Tequatrovirus	Yes	Not assayed	OmpA	Kdo	Not assayed	ZHGXQUXJ_CDS_0083	ZHGXQUXJ_CDS_0275	incoherent	mutant		
JK23	Shigella phage JK23	MG1655_RM	lytic	not released	168349	Myovirus	Caudoviricetes	Straboviridae	Tevenvirinae	Tequatrovirus	Yes	Yes	Tsx	HepI	Tsx	SYVRBAGZ_CDS_0086	SYVRBAGZ_CDS_0285	incoherent	training	10.3390/v11100899	
Bas39	Escherichia phage FriedrichMiescher	MG1655_RM	lytic	not released	169509	Myovirus	Caudoviricetes	Straboviridae	Tevenvirinae	Tequatrovirus	Yes	Yes	Tsx	Kdo	Tsx	SPGXLRWE_CDS_0091	SPGXLRWE_CDS_0286	sound	training	10.1371/journal.pbio.3001424	
Bas37	Escherichia phage KarlGJung	MG1655_RM	lytic	not released	167832	Myovirus	Caudoviricetes	Straboviridae	Tevenvirinae	Tequatrovirus	Yes	Yes	Tsx	HepI	Tsx	KAQPPOIE_CDS_0090	KAQPPOIE_CDS_0280	sound	training	10.1371/journal.pbio.3001424	
Bas36	Escherichia phage Paracelsus	MG1655_RM	lytic	not released	167732	Myovirus	Caudoviricetes	Straboviridae	Tevenvirinae	Tequatrovirus	Yes	Yes	Tsx	HepI	Tsx	KHWQKCZL_CDS_0088	KHWQKCZL_CDS_0279	incoherent	training	10.1371/journal.pbio.3001424	
Bas35	Escherichia phage WilhelmHis	MG1655_RM	lytic	not released	166861	Myovirus	Caudoviricetes	Straboviridae	Tevenvirinae	Tequatrovirus	Yes	Yes	Tsx	HepI	Tsx	ZHAQCKDS_CDS_0088	ZHAQCKDS_CDS_0283	incoherent	training	10.1371/journal.pbio.3001424	
RB14	Enterobacteria phage RB14	C63	lytic	not released	165429	Myovirus	Caudoviricetes	Straboviridae	Tevenvirinae	Tequatrovirus	Yes	Yes	Tsx	HepI	Tsx	JMGRVARF_CDS_0085	JMGRVARF_CDS_0278	incoherent	training	10.1007/BF01728666	
L25	Enterobacteria phage L25	C63	lytic	not released	169274	Myovirus	Caudoviricetes	Straboviridae	Tevenvirinae	Tequatrovirus	Yes	Yes	Tsx	Kdo	Not assayed	TJHDMBDE_CDS_0262	TJHDMBDE_CDS_0066	sound	training		
NpJ	Escherichia phage Pinarejo	MG1655_RM	lytic	not released	168090	Myovirus	Caudoviricetes	Straboviridae	Tevenvirinae	Tequatrovirus	Yes	Yes	Tsx	HepI	Not assayed	XRMXLSKU_CDS_0092	XRMXLSKU_CDS_0282	incoherent	testing	10.1126/science.adk1183	
NpW	Escherichia phage Elenatom	MG1655_RM	lytic	not released	167770	Myovirus	Caudoviricetes	Straboviridae	Tevenvirinae	Tequatrovirus	Yes	Yes	Tsx	HepI	Not assayed	LFUJEZLZ_CDS_0092	LFUJEZLZ_CDS_0287	incoherent	testing	10.1126/science.adk1183	
K3	Enterobacteria phage K3	C63	lytic	not released	165475	Myovirus	Caudoviricetes	Straboviridae	Tevenvirinae	Tequatrovirus	Yes	Yes	OmpA	Kdo	Not assayed	STFWJAVE_CDS_0083	STFWJAVE_CDS_0272	sound	training	10.1128/jb.121.3.983-993.1975	
Bas45	Escherichia phage PaulHMueller	MG1655_RM	lytic	not released	170053	Myovirus	Caudoviricetes	Straboviridae	Tevenvirinae	Tequatrovirus	Yes	Yes	OmpA	Kdo	Not assayed	WEXNAXKS_CDS_0084	WEXNAXKS_CDS_0280	incoherent	training	10.1371/journal.pbio.3001424	
K5	Enterobacteria phage K5	MG1655_RM	lytic	not released	165475	Myovirus	Caudoviricetes	Straboviridae	Tevenvirinae	Tequatrovirus	Yes	Yes	OmpA	Kdo	OmpA	UMTBGGBX_CDS_0083	UMTBGGBX_CDS_0271	incoherent	training	10.1128/jb.121.3.983-993.1975	
EV240	Escherichia phage T4_ev240	MG1655_RM	lytic	not released	166954	Myovirus	Caudoviricetes	Straboviridae	Tevenvirinae	Tequatrovirus	Yes	Yes	OmpA	HepI	OmpA	CQHXHGTY_CDS_0087	CQHXHGTY_CDS_0277	incoherent	training	10.1038/s41467-019-14042-z	
LZ10	Enterobacteria phage LZ10	C63	lytic	not released	166389	Myovirus	Caudoviricetes	Straboviridae	Tevenvirinae	Tequatrovirus	Yes	Yes	OmpA	HepI	OmpA	PTQAQQBH_CDS_0082	PTQAQQBH_CDS_0273	incoherent	training	10.1007/BF01728666	
LZ9	Enterobacteria phage LZ9	C63	lytic	not released	166389	Myovirus	Caudoviricetes	Straboviridae	Tevenvirinae	Tequatrovirus	Yes	Yes	OmpA	HepI	OmpA	TPONFJYW_CDS_0082	TPONFJYW_CDS_0273	incoherent	training	10.1007/BF01728666	
M1	Escherichia phage M1	C63	lytic	not released	164108	Myovirus	Caudoviricetes	Straboviridae	Tevenvirinae	Tequatrovirus	Yes	Yes	OmpA	HepI	Unknown	TSPGUEJU_CDS_0084	TSPGUEJU_CDS_0267	incoherent	training	10.1007/BF01728666	
Ox4	Escherichia phage Ox4	C63	lytic	not released	164424	Myovirus	Caudoviricetes	Straboviridae	Tevenvirinae	Tequatrovirus	Yes	No	OmpA	GluI	Resistant	MLXVFIEK_CDS_0081	MLXVFIEK_CDS_0272	incoherent	training	10.1128/jb.121.3.983-993.1975	
Bas40	Escherichia phage FelixPlatter	MG1655_RM	lytic	not released	164714	Myovirus	Caudoviricetes	Straboviridae	Tevenvirinae	Tequatrovirus	Yes	No	OmpC	Kdo	Not assayed	YAAWFYLX_CDS_0086	YAAWFYLX_CDS_0269	incoherent	training	10.1371/journal.pbio.3001424	
Bas44	Escherichia phage AdolfPortmann	MG1655_RM	lytic	not released	166773	Myovirus	Caudoviricetes	Straboviridae	Tevenvirinae	Tequatrovirus	Yes	No	OmpC	Kdo	Not assayed	AXKKTZCN_CDS_0086	AXKKTZCN_CDS_0277	incoherent	training	10.1371/journal.pbio.3001424	
Bas41	Escherichia phage FriedrichZschokke	MG1655_RM	lytic	not released	165574	Myovirus	Caudoviricetes	Straboviridae	Tevenvirinae	Tequatrovirus	Yes	No	OmpC	Kdo	Resistant	CXYCTRCC_CDS_0089	CXYCTRCC_CDS_0282	incoherent	training	10.1371/journal.pbio.3001424	
Bas42	Escherichia phage AndreasVesalius	MG1655_RM	lytic	not released	168255	Myovirus	Caudoviricetes	Straboviridae	Tevenvirinae	Tequatrovirus	Yes	No	OmpC	Kdo	Resistant	VHSEOZRR_CDS_0085	VHSEOZRR_CDS_0278	incoherent	training	10.1371/journal.pbio.3001424	
KCP072	Escherichia phage KCP072	MG1655_RM	lytic	not released	165701	Myovirus	Caudoviricetes	Straboviridae	Tevenvirinae	Tequatrovirus	Yes	No	OmpC	Kdo	Not assayed	TBIJNPVQ_CDS_0085	TBIJNPVQ_CDS_0280	incoherent	testing	10.1101/2025.11.01.684647	
T4	Escherichia phage T4	MG1655_RM	lytic	NC_000866.4	168903	Myovirus	Caudoviricetes	Straboviridae	Tevenvirinae	Tequatrovirus	Yes	Yes	OmpC	Kdo	LPS	ZRLSHTJO_CDS_0270	ZRLSHTJO_CDS_0173	incoherent	training	10.1371/journal.pbio.3000877	
RB33	Enterobacteria phage RB33	C63	lytic	not released	162385	Myovirus	Caudoviricetes	Straboviridae	Tevenvirinae	Tequatrovirus	Yes	Yes	OmpC	Kdo	LPS	YQQLUGHR_CDS_0093	YQQLUGHR_CDS_0272	incoherent	training	10.1007/BF01728666	Different from NCBI accession KM607001
TP7	Escherichia coli O157 typing phage 7	O157:H7 C-7111-85	lytic	not released	167747	Myovirus	Caudoviricetes	Straboviridae	Tevenvirinae	Tequatrovirus	Yes	No	OmpA	GluI	Not assayed	FVZSOALG_CDS_0088	FVZSOALG_CDS_0280	incoherent	training	10.1186/s12864-015-1470-z	
TulB	Escherichia phage TulB	C63	lytic	not released	165299	Myovirus	Caudoviricetes	Straboviridae	Tevenvirinae	Tequatrovirus	Yes	No	OmpC	GluI	Not assayed	SPGOJHND_CDS_0221	SPGOJHND_CDS_0033	incoherent	training	10.1007/BF01728666	
Bas38	Escherichia phage AugustSocin	MG1655_RM	lytic	not released	167411	Myovirus	Caudoviricetes	Straboviridae	Tevenvirinae	Tequatrovirus	Yes	Yes	OmpF	HepI	OmpF	SEZDRVXF_CDS_0090	SEZDRVXF_CDS_0279	incoherent	training	10.1371/journal.pbio.3001424	
RB51	Enterobacteria phage RB51	C63	lytic	not released	168394	Myovirus	Caudoviricetes	Straboviridae	Tevenvirinae	Tequatrovirus	Yes	Yes	OmpF	HepI	OmpF	IYGUGHLA_CDS_0087	IYGUGHLA_CDS_0278	sound	training	10.1007/BF01728666	
RB51m1	Enterobacteria phage RB51m1	MG1655_RM	lytic	not released	168394	Myovirus	Caudoviricetes	Straboviridae	Tevenvirinae	Tequatrovirus	Yes	Not assayed	OmpW	HepI	Not assayed	ACWXXDDW_CDS_0087	ACWXXDDW_CDS_0278	sound	mutant		
RB68	Enterobacteria phage RB68	C63	lytic	not released	168400	Myovirus	Caudoviricetes	Straboviridae	Tevenvirinae	Tequatrovirus	Yes	Yes	OmpW	HepI	OmpF	FHOYKUBI_CDS_0087	FHOYKUBI_CDS_0278	sound	training	10.1007/BF01728666	
RB68m1	Enterobacteria phage RB68m1	BW25113_ompW	lytic	not released	168400	Myovirus	Caudoviricetes	Straboviridae	Tevenvirinae	Tequatrovirus	Yes	Not assayed	OmpF	HepI	Not assayed	ZIKDVGKM_CDS_0087	ZIKDVGKM_CDS_0278	failed	mutant		
T2	Escherichia phage T2	MG1655_RM	lytic	MH751506.1	163832	Myovirus	Caudoviricetes	Straboviridae	Tevenvirinae	Tequatrovirus	Yes	Yes	FadL	Kdo	Not assayed	JKMQHYMY_CDS_0259	JKMQHYMY_CDS_0172	sound	training	10.1371/journal.pbio.3000877	
HSDP2	Escherichia phage HSDP2	HSF	lytic	not released	164997	Myovirus	Caudoviricetes	Straboviridae	Tevenvirinae	Tequatrovirus	No	No	OmpC	Kdo	Not assayed	ZHKDYPRP_CDS_0080	ZHKDYPRP_CDS_0265	incoherent	training		Receptors predicted computationally
JK45	Shigella phage JK45	MG1655_RM	lytic	not released	170740	Myovirus	Caudoviricetes	Straboviridae	Tevenvirinae	Mosigvirus	Yes	No	OmpC	Kdo	LamB	WGGFSIGS_CDS_0084	WGGFSIGS_CDS_0280	incoherent	training	10.3390/v11100899	
JK36	Shigella phage JK36	MG1655_RM	lytic	not released	168893	Myovirus	Caudoviricetes	Straboviridae	Tevenvirinae	Mosigvirus	Yes	No	OmpC	Kdo	LamB	MLFBDFRT_CDS_0256	MLFBDFRT_CDS_0172	incoherent	training	10.3390/v11100899	
TP3	Escherichia coli O157 typing phage 3	O157:H7 A7793-B1	lytic	not released	168733	Myovirus	Caudoviricetes	Straboviridae	Tevenvirinae	Mosigvirus	Yes	No	OmpC	Kdo	LamB	WNIOUXKK_CDS_0127	WNIOUXKK_CDS_0042	incoherent	training	10.1186/s12864-015-1470-z	
JK42	Shigella phage JK42	MG1655_RM	lytic	not released	168306	Myovirus	Caudoviricetes	Straboviridae	Tevenvirinae	Mosigvirus	Yes	No	OmpC	Kdo	LPS	JNYHCRZR_CDS_0260	JNYHCRZR_CDS_0173	incoherent	training	10.3390/v11100899	
K20	Enterobacteria phage K20	K12 MC4100	lytic	not released	168589	Myovirus	Caudoviricetes	Straboviridae	Tevenvirinae	Mosigvirus	Yes	Yes	OmpF	GluI	OmpF	WXXIAMAT_CDS_0065	WXXIAMAT_CDS_0258	sound	training	10.1128/jb.121.3.983-993.1975	
Bas46	Escherichia phage ChristianSchoenbein	MG1655_RM	lytic	not released	169031	Myovirus	Caudoviricetes	Straboviridae	Tevenvirinae	Mosigvirus	Yes	Yes	OmpF	GluI	OmpF	RCUXBZTF_CDS_0081	RCUXBZTF_CDS_0274	incoherent	training	10.1371/journal.pbio.3001424	
Bas47	Escherichia phage AlbertHofmann	MG1655_RM	lytic	not released	168968	Myovirus	Caudoviricetes	Straboviridae	Tevenvirinae	Mosigvirus	Yes	Yes	OmpF	GluI	OmpF	JIDSTUCV_CDS_0083	JIDSTUCV_CDS_0275	incoherent	training	10.1371/journal.pbio.3001424	
RB69	Escherichia phage RB69	C63	lytic	not released	167560	Myovirus	Caudoviricetes	Straboviridae	Tevenvirinae	Mosigvirus	Yes	Yes	OmpF	GluI	OmpF	FXQDZDSU_CDS_0233	FXQDZDSU_CDS_0148	incoherent	training	10.1007/BF01728666	
CEV1	Escherichia phage CEV1	NCTC12900	lytic	not released	170067	Myovirus	Caudoviricetes	Straboviridae	Tevenvirinae	Mosigvirus	Yes	Yes	OmpF	GluI	OmpF	CDAPSMCL_CDS_0083	CDAPSMCL_CDS_0281	sound	training	10.1128/AEM.03011-05	
TP6	Escherichia coli O157 typing phage 6	O157:H7 CL40	lytic	not released	160570	Myovirus	Caudoviricetes	Straboviridae	Tevenvirinae	Mosigvirus	Yes	No	OmpC	Kdo	Not assayed	NOIYUPLF_CDS_0080	NOIYUPLF_CDS_0253	incoherent	training	10.1186/s12864-015-1470-z	
Mpec2	Escherichia phage Mpec2	ECOR1	lytic	not released	168607	Myovirus	Caudoviricetes	Straboviridae	Tevenvirinae	Mosigvirus	Yes	No	OmpC	Kdo	Not assayed	FQIRGBNP_CDS_0080	FQIRGBNP_CDS_0275	incoherent	training		
Mpec3	Escherichia phage Mpec3	ECOR1	lytic	not released	168664	Myovirus	Caudoviricetes	Straboviridae	Tevenvirinae	Mosigvirus	Yes	No	OmpC	Kdo	Not assayed	RQVAOTME_CDS_0082	RQVAOTME_CDS_0272	incoherent	training		
Mpec6	Escherichia phage Mpec6	ECOR1	lytic	not released	169360	Myovirus	Caudoviricetes	Straboviridae	Tevenvirinae	Mosigvirus	Yes	No	OmpC	Kdo	Not assayed	GNOVCSBV_CDS_0079	GNOVCSBV_CDS_0271	incoherent	training		
Mpec11	Escherichia phage Mpec11	ECOR1	lytic	not released	170388	Myovirus	Caudoviricetes	Straboviridae	Tevenvirinae	Mosigvirus	Yes	No	OmpC	Kdo	Not assayed	XMXUIZOT_CDS_0080	XMXUIZOT_CDS_0275	incoherent	training		
JK32	Shigella phage JK32	MG1655_RM	lytic	not released	176009	Myovirus	Caudoviricetes	Straboviridae		Krischvirus	Yes	Yes	Tsx	Kdo	Tsx	VLQRUXLL_CDS_0209	VLQRUXLL_CDS_0280	sound	training	10.3390/v11100899	
CPL00151	Escherichia phage Delraymugoa	MG1655_RM	lytic	not released	164032	Myovirus	Caudoviricetes	Straboviridae		Krishvirus	Yes	Not assayed	Tsx	Kdo	Not assayed	OHFDTLDD_CDS_0210	OHFDTLDD_CDS_0279	sound	testing	10.3390/microorganisms12020253	
CPL00187	Escherichia phage GoldenSnicker	MG1655_RM	lytic	not released	163470	Myovirus	Caudoviricetes	Straboviridae		Krishvirus	Yes	Not assayed	Tsx	Kdo	Not assayed	TLBSOFHV_CDS_0208	TLBSOFHV_CDS_0278	sound	testing	10.3390/microorganisms12020253	
RB49	Escherichia phage RB49	C63	lytic	not released	164018	Myovirus	Caudoviricetes	Straboviridae		Krischvirus	Yes	Yes	OmpA	Kdo	OmpA	KRVRHSUN_CDS_0080	KRVRHSUN_CDS_0151	sound	training	10.1007/BF01728666	
Mnm3	Escherichia phage Mnm3	ECOR38	lytic	not released	153541	Myovirus	Caudoviricetes	Straboviridae		Krischvirus	No	No	Resistant	Resistant	Not assayed	MHEETFNS_CDS_0210	MHEETFNS_CDS_0280	impossible	training		
TP5	Escherichia coli O157 typing phage 5	O157:H7 C-7685-84	lytic	not released	137973	Myovirus	Caudoviricetes		Vequintavirinae	Vequintavirus	Yes	No	NGR	GluI	Resistant	DTFHTRMV_CDS_0033	DTFHTRMV_CDS_0034	impossible	training	10.1186/s12864-015-1470-z	
Bas50	Escherichia phage DrSchubert	MG1655_RM	lytic	not released	138240	Myovirus	Caudoviricetes		Vequintavirinae	Vequintavirus	Yes	No	NGR	GluI	Resistant	SKUGPZMA_CDS_0034	SKUGPZMA_CDS_0035	impossible	training	10.1371/journal.pbio.3001424	
Bas52	Escherichia phage RudolfGeigy	MG1655_RM	lytic	not released	137380	Myovirus	Caudoviricetes		Vequintavirinae	Vequintavirus	Yes	No	NGR	GluI	Resistant	TBSZLQPR_CDS_0034	TBSZLQPR_CDS_0035	impossible	training	10.1371/journal.pbio.3001424	
Bas56	Escherichia phage AlexBoehm	MG1655_RM	lytic	not released	135345	Myovirus	Caudoviricetes		Vequintavirinae	Vequintavirus	Yes	No	NGR	GluI	Resistant	CZNZQHMK_CDS_0034	CZNZQHMK_CDS_0035	impossible	training	10.1371/journal.pbio.3001424	
Bas58	Escherichia phage HeinrichReichert	MG1655_RM	lytic	not released	136906	Myovirus	Caudoviricetes		Vequintavirinae	Vequintavirus	Yes	No	NGR	GluI	Resistant	EPDFATUR_CDS_0034	EPDFATUR_CDS_0035	impossible	training	10.1371/journal.pbio.3001424	
Bas54	Escherichia phage MaxBurger	MG1655_RM	lytic	not released	136346	Myovirus	Caudoviricetes		Vequintavirinae	Vequintavirus	Yes	No	NGR	GluI	Not assayed	GCMKQMEH_CDS_0034	GCMKQMEH_CDS_0035	impossible	training	10.1371/journal.pbio.3001424	
NpM	Escherichia phage MiataMamis	MG1655_RM	lytic	not released	136574	Myovirus	Caudoviricetes		Vequintavirinae	Vequintavirus	Yes	No	NGR	GluI	Not assayed	ZXXRQNBU_CDS_0035	ZXXRQNBU_CDS_0036	impossible	testing	10.1126/science.adk1183	
Bas55	Escherichia phage JeffSchatz	MG1655_RM	lytic	not released	135630	Myovirus	Caudoviricetes		Vequintavirinae	Vequintavirus	Yes	Yes	NGR	GluI	LPS	LSMJMTVO_CDS_0037	LSMJMTVO_CDS_0038	impossible	training	10.1371/journal.pbio.3001424	
Bas59	Escherichia phage EduardKellenberger	MG1655_RM	lytic	not released	131526	Myovirus	Caudoviricetes		Vequintavirinae	Vequintavirus	Yes	Yes	NGR	GluI	LPS	XFIPRPCZ_CDS_0034	XFIPRPCZ_CDS_0035	impossible	training	10.1371/journal.pbio.3001424	
EV146	Escherichia phage rv5_ev146	MG1655_RM	lytic	not released	131919	Myovirus	Caudoviricetes		Vequintavirinae	Vequintavirus	Yes	No	NGR	GluI	Resistant	HSSKGKMR_CDS_0052	HSSKGKMR_CDS_0053	impossible	training	10.1038/s41467-019-14042-z	
CM1	Shigella phage CM1	MG1655_RM	lytic	not released	131598	Myovirus	Caudoviricetes		Vequintavirinae	Vequintavirus	Yes	No	NGR	GluI	Resistant	VANYZJHN_CDS_0034	VANYZJHN_CDS_0035	impossible	training	10.3390/v11100899	
Bas48	Escherichia phage CarlMeissner	MG1655_RM	lytic	not released	137623	Myovirus	Caudoviricetes		Vequintavirinae	Vequintavirus	Yes	No	NGR	GluI	Resistant	ANRGPXUD_CDS_0035	ANRGPXUD_CDS_0036	impossible	training	10.1371/journal.pbio.3001424	
Bas49	Escherichia phage EmilHeitz	MG1655_RM	lytic	not released	139980	Myovirus	Caudoviricetes		Vequintavirinae	Vequintavirus	Yes	No	NGR	GluI	Resistant	GZBGXRAD_CDS_0035	GZBGXRAD_CDS_0036	impossible	training	10.1371/journal.pbio.3001424	
Bas51	Escherichia phage WalterGehring	MG1655_RM	lytic	not released	140659	Myovirus	Caudoviricetes		Vequintavirinae	Vequintavirus	Yes	No	NGR	GluI	Resistant	XOUGXJHA_CDS_0035	XOUGXJHA_CDS_0036	impossible	training	10.1371/journal.pbio.3001424	
Bas53	Escherichia phage JohannBauhin	MG1655_RM	lytic	not released	135602	Myovirus	Caudoviricetes		Vequintavirinae	Vequintavirus	Yes	No	NGR	GluI	Resistant	GKAZVSLJ_CDS_0034	GKAZVSLJ_CDS_0035	impossible	training	10.1371/journal.pbio.3001424	
Bas57	Escherichia phage MaxTheCat	MG1655_RM	lytic	not released	135061	Myovirus	Caudoviricetes		Vequintavirinae	Vequintavirus	Yes	No	NGR	GluI	Not assayed	NRSQTBIY_CDS_0036	NRSQTBIY_CDS_0037	impossible	training	10.1371/journal.pbio.3001424	
EV156	Escherichia phage rv5_ev156	MG1655_RM	lytic	not released	136384	Myovirus	Caudoviricetes		Vequintavirinae	Vequintavirus	Yes	No	NGR	GluI	Not assayed	MGAQEVLC_CDS_0080	MGAQEVLC_CDS_0079	impossible	training	10.1038/s41467-019-14042-z	
Mnm1	Escherichia phage Mnm1	MG1655_RM	lytic	not released	135904	Myovirus	Caudoviricetes		Vequintavirinae	Vequintavirus	Yes	Not assayed	NGR	GluI	Not assayed	FVCGJNLI_CDS_0106	FVCGJNLI_CDS_0107	impossible	training		
KCP031	Escherichia phage KCP031	MG1655_RM	lytic	not released	130542	Myovirus	Caudoviricetes		Vequintavirinae	Vequintavirus	Yes	Not assayed	NGR	GluI	Not assayed	QVQAATJQ_CDS_0034	QVQAATJQ_CDS_0035	impossible	testing	10.1101/2025.11.01.684647	
Bas63	Escherichia phage JohannRWettstein	MG1655_RM	lytic	not released	87100	Myovirus	Caudoviricetes	Andersonviridae	Ounavirinae	Felixounavirus	Yes	Resistant	LPS	HepIV	Resistant	Unknown	Unknown	impossible	training	10.1371/journal.pbio.3001424	
KCP064	Escherichia phage KCP064	MG1655_RM	lytic	not released	86245	Myovirus	Caudoviricetes	Andersonviridae	Ounavirinae	Felixounavirus	Yes	Not assayed	LPS	HepIV	Not assayed	Unknown	Unknown	impossible	testing	10.1101/2025.11.01.684647	
Mpec1	Escherichia phage Mpec1	ECOR1	lytic	not released	87256	Myovirus	Caudoviricetes	Andersonviridae	Ounavirinae	Felixounavirus	No	No	Resistant	Resistant	Not assayed	Unknown	Unknown	impossible	training		
Mpec4	Escherichia phage Mpec4	ECOR1	lytic	not released	89023	Myovirus	Caudoviricetes	Andersonviridae	Ounavirinae	Felixounavirus	No	No	Resistant	Resistant	Not assayed	Unknown	Unknown	impossible	training		
Mpec7	Escherichia phage Mpec7	ECOR1	lytic	not released	90428	Myovirus	Caudoviricetes	Andersonviridae	Ounavirinae	Felixounavirus	No	No	Resistant	Resistant	Not assayed	Unknown	Unknown	impossible	training		
Mpec13	Escherichia phage Mpec13	ECOR1	lytic	not released	87141	Myovirus	Caudoviricetes	Andersonviridae	Ounavirinae	Felixounavirus	No	No	Resistant	Resistant	Not assayed	Unknown	Unknown	impossible	training		
TP11	Escherichia coli O157 typing phage 11	O157:H7 C7420-85	lytic	not released	88771	Myovirus	Caudoviricetes	Andersonviridae	Ounavirinae	Felixounavirus	No	No	Resistant	Resistant	Not assayed	Unknown	Unknown	impossible	training	10.1186/s12864-015-1470-z	
TP15	Escherichia coli O157 typing phage 15	O157:H7 C-7142-85	lytic	not released	92632	Myovirus	Caudoviricetes	Andersonviridae	Ounavirinae	Felixounavirus	No	No	Resistant	Resistant	Not assayed	Unknown	Unknown	impossible	training	10.1186/s12864-015-1470-z	
Mpec5	Escherichia phage Mpec5	ECOR1	lytic	not released	89776	Myovirus	Caudoviricetes	Andersonviridae	Ounavirinae	Felixounavirus	No	No	Resistant	Resistant	Not assayed	Unknown	Unknown	impossible	training		
Mnm4	Escherichia phage Mnm4	ECRC98	lytic	not released	88219	Myovirus	Caudoviricetes	Andersonviridae	Ounavirinae	Felixounavirus	No	Not assayed	Resistant	Resistant	Not assayed	Unknown	Unknown	impossible	training		
Mnm5	Escherichia phage Mnm5	ECRC62	lytic	not released	87713	Myovirus	Caudoviricetes	Andersonviridae	Ounavirinae	Felixounavirus	No	Not assayed	Resistant	Resistant	Not assayed	Unknown	Unknown	impossible	training		
Mnm7	Escherichia phage Mnm7	ECRC98	lytic	not released	88738	Myovirus	Caudoviricetes	Andersonviridae	Ounavirinae	Felixounavirus	No	Not assayed	Resistant	Resistant	Not assayed	Unknown	Unknown	impossible	training		
CPL00169S	Escherichia phage LinBro	MG1655_RM	lytic	not released	85930	Myovirus	Caudoviricetes	Andersonviridae	Ounavirinae	Felixounavirus	Yes	Not assayed	LPS	HepIV	Not assayed	Unknown	Unknown	impossible	testing	10.3390/microorganisms12020253	
phi92	Escherichia phage phi92	Bos12	lytic	not released	148612	Myovirus	Caudoviricetes		Stephanstirmvirinae	Justusliebigvirus	Yes	Yes	NGR	GluI	LPS	EXAXBGYR_CDS_0152	EXAXBGYR_CDS_0157	impossible	training	10.1128/jvi.00801-12	
Bas62	Escherichia phage JohannJBalmer	MG1655_RM	lytic	not released	144831	Myovirus	Caudoviricetes		Stephanstirmvirinae	Justusliebigvirus	Yes	No	NGR	GluI	Not assayed	GWVENXDW_CDS_0153	GWVENXDW_CDS_0157	impossible	training	10.1371/journal.pbio.3001424	
Bas61	Escherichia phage EmilieFrey	MG1655_RM	lytic	not released	146666	Myovirus	Caudoviricetes		Stephanstirmvirinae	Justusliebigvirus	Yes	Yes	NGR	GluI	LPS	STINALMN_CDS_0024	STINALMN_CDS_0028	impossible	training	10.1371/journal.pbio.3001424	
Bas60	Escherichia phage PaulScherrer	MG1655_RM	lytic	not released	150425	Myovirus	Caudoviricetes		Stephanstirmvirinae	Justusliebigvirus	Yes	No	NGR	GluI	Not assayed	SLQGXWZA_CDS_0024	SLQGXWZA_CDS_0030	impossible	training	10.1371/journal.pbio.3001424	
NpE	Escherichia phage Antha	MG1655_RM	lytic	not released	145329	Myovirus	Caudoviricetes		Stephanstirmvirinae	Justusliebigvirus	Yes	Not assayed	NGR	GluI	Not assayed	SNPMEISX_CDS_0024	SNPMEISX_CDS_0028	impossible	training	10.1126/science.adk1183	
NpN	Escherichia phage Nernie	MG1655_RM	lytic	not released	146258	Myovirus	Caudoviricetes		Stephanstirmvirinae	Justusliebigvirus	Yes	Not assayed	NGR	GluI	Not assayed	ROUWOSKM_CDS_0024	ROUWOSKM_CDS_0028	impossible	training	10.1126/science.adk1183	
NpV	Escherichia phage VivaForever	MG1655_RM	lytic	not released	146096	Myovirus	Caudoviricetes		Stephanstirmvirinae	Justusliebigvirus	Yes	Not assayed	NGR	GluI	Not assayed	QZCVDMNX_CDS_0024	QZCVDMNX_CDS_0028	impossible	training	10.1126/science.adk1183	
Mnm11	Escherichia phage Mnm11	BW25113-pCA24N(rcsA)	lytic	not released	147366	Myovirus	Caudoviricetes		Stephanstirmvirinae	Justusliebigvirus	Yes	Not assayed	NGR	GluI	Not assayed	SFCWCTEG_CDS_0024	SFCWCTEG_CDS_0030	impossible	training		
Mnm2	Escherichia phage Mnm2	ECOR27	lytic	not released	53145	Myovirus	Caudoviricetes			Rosemountvirus	No	Not assayed	Resistant	Resistant	Not assayed	Unknown	Unknown	impossible	training		
CBA120	Escherichia phage Cba120	NCTC12900	lytic	not released	157304	Myovirus	Caudoviricetes	Ackermannviridae	Cvivirinae	Kuttervirus	No	No	Resistant	Resistant	Resistant	Unknown	Unknown	impossible	training	10.1186/1743-422X-8-430	
Mpec15	Escherichia phage Mpec15	ECRC22	lytic	not released	153567	Myovirus	Caudoviricetes	Ackermannviridae	Aglimvirinae	Agtrevirus	No	Not assayed	Resistant	Resistant	Not assayed	Unknown	Unknown	impossible	training		
Mpec16	Escherichia phage Mpec16	ECRC22	lytic	not released	153568	Myovirus	Caudoviricetes	Ackermannviridae	Aglimvirinae	Agtrevirus	No	Not assayed	Resistant	Resistant	Not assayed	Unknown	Unknown	impossible	training		
Mpec18	Escherichia phage Mpec18	ECRC22	lytic	not released	151682	Myovirus	Caudoviricetes	Ackermannviridae	Aglimvirinae	Agtrevirus	No	Not assayed	Resistant	Resistant	Not assayed	Unknown	Unknown	impossible	training		
Mpec20	Escherichia phage Mpec20	ECRC22	lytic	not released	154392	Myovirus	Caudoviricetes	Ackermannviridae	Aglimvirinae	Agtrevirus	No	Not assayed	Resistant	Resistant	Not assayed	Unknown	Unknown	impossible	training		
P2vir	Escherichia phage P2vir	MG1655_RM	temperate/lytic	NC_001895.1	94800	Myovirus	Caudoviricetes	Peduoviridae		Peduovirus	Yes	No	LPS	GluIII	Not assayed	Unknown	Unknown	impossible	training	10.1371/journal.pbio.3000877	
P1vir	Escherichia phage P1vir	MG1655_RM	temperate/lytic	NC_005856.1	33593	Myovirus	Caudoviricetes			Punavirus	Yes	No	LPS	GluIII	Resistant	Unknown	Unknown	impossible	training	10.1371/journal.pbio.3000877	
G17	Escherichia phage vb_EcoM_G17	ECOR47	lytic	not released	370817	Myovirus	Caudoviricetes			Asteriuvirus	No	Not assayed	Resistant	Resistant	Not assayed	Unknown	Unknown	impossible	training	10.3390/v11050454	
Goslar	Escherichia phage vb_EcoM_Goslar	ECOR47	lytic	not released	237307	Myovirus	Caudoviricetes	Chimalliviridae		Goslarvirus	Yes	Not assayed	LPS	GluII	Not assayed	Unknown	Unknown	impossible	training	10.3390/v11050454	
Mpec10	Escherichia phage Mpec10	MG1655_RM wbbL(+)	lytic	not released	68210	Myovirus	Caudoviricetes	Lindbergviridae		Wifcevirus	No	Not assayed	Resistant	Resistant	Not assayed	Unknown	Unknown	impossible	training		
Bas98	Escherichia phage HermannAdler	MG1655_RM wbbL(+)	lytic	PQ850608	68382	Myovirus	Caudoviricetes	Lindbergviridae		Wifcevirus	No	Not assayed	Resistant	Resistant	Not assayed	Unknown	Unknown	impossible	training	10.1371/journal.pbio.3003063	
Bas99	Escherichia phage ManiWeber	MG1655_RM wbbL(+)	lytic	PQ850618	68355	Myovirus	Caudoviricetes	Lindbergviridae		Wifcevirus	No	Not assayed	Resistant	Resistant	Not assayed	Unknown	Unknown	impossible	training	10.1371/journal.pbio.3003063	
Bas100	Escherichia phage HansTraber	MG1655_RM wbbL(+)	lytic	not released	68355	Myovirus	Caudoviricetes	Lindbergviridae		Wifcevirus	No	Not assayed	Resistant	Resistant	Not assayed	Unknown	Unknown	impossible	training	10.1371/journal.pbio.3003063	
Bas101	Escherichia phage VerenaGrendelmeier	MG1655_RM wbbL(+)	lytic	PQ850631	68486	Myovirus	Caudoviricetes	Lindbergviridae		Wifcevirus	No	Not assayed	Resistant	Resistant	Not assayed	Unknown	Unknown	impossible	training	10.1371/journal.pbio.3003063	
Bas97	Escherichia phage HeidiAbel	MG1655_RM wbbL(+)	lytic	not released	41035	Myovirus	Caudoviricetes		Iiscvirinae	Julinvirus	No	Not assayed	Resistant	Resistant	Not assayed	Unknown	Unknown	impossible	training	10.1371/journal.pbio.3003063	
RB36	Escherichia phage RB36	C63	lytic	not released	51263	Siphovirus	Caudoviricetes	Drexlerviridae	Tempevirinae	Warwickvirus	Yes	No	BtuB	None	Resistant	COVCZIAE_CDS_0023	NA	sound	training	10.1007/BF01728666	
JK16	Shigella phage JK16	MG1655_RM	lytic	not released	51854	Siphovirus	Caudoviricetes	Drexlerviridae	Tempevirinae	Warwickvirus	Yes	No	BtuB	None	Resistant	SKEOLNZE_CDS_0022	NA	sound	training	10.3390/v11100899	
Bas04	Escherichia phage FritzSarasin	MG1655_RM	lytic	not released	51777	Siphovirus	Caudoviricetes	Drexlerviridae	Tempevirinae	Warwickvirus	Yes	No	BtuB	None	Resistant	DBIMPIMR_CDS_0022	NA	sound	training	10.1371/journal.pbio.3001424	
NpAA	Escherichia phage Kameto	MG1655_RM	lytic	not released	50469	Siphovirus	Caudoviricetes	Drexlerviridae	Tempevirinae	Warwickvirus	Yes	Not assayed	BtuB	None	Not assayed	QZJTEHSA_CDS_0023	NA	sound	testing	10.1126/science.adk1183	
KCP055	Escherichia phage KCP055	MG1655_RM	lytic	not released	48914	Siphovirus	Caudoviricetes	Drexlerviridae	Tempevirinae	Warwickvirus	Yes	Not assayed	BtuB	None	Not assayed	ZOAECHEC_CDS_0022	NA	sound	testing	10.1101/2025.11.01.684647	
Sew11	Escherichia phage Sew11	C63	lytic	not released	50828	Siphovirus	Caudoviricetes	Drexlerviridae	Tempevirinae	Warwickvirus	Yes	Yes	FhuA	None	FhuA	QWLYZJZW_CDS_0023	NA	sound	training		
Bas05	Escherichia phage PeterMerian	MG1655_RM	lytic	not released	47775	Siphovirus	Caudoviricetes	Drexlerviridae	Tempevirinae	Warwickvirus	Yes	Yes	FhuA	None	FhuA	ZLJBAIRN_CDS_0023	NA	sound	training	10.1371/journal.pbio.3001424	
Ox2	Enterobacteria phage Ox2	C63	lytic	not released	51359	Siphovirus	Caudoviricetes	Drexlerviridae	Tempevirinae	Warwickvirus	Yes	No	BtuB	None	Resistant	WRIGTSOZ_CDS_0022	NA	sound	training	10.1007/BF01728666	
RB38	Enterobacteria phage RB38	C63	lytic	not released	50825	Siphovirus	Caudoviricetes	Drexlerviridae	Tempevirinae	Warwickvirus	Yes	No	BtuB	None	Resistant	OLVFODCR_CDS_0022	NA	sound	training	10.1007/BF01728666	
CPL00169L	Escherichia phage tunus	MG1655_RM	lytic	not released	50979	Siphovirus	Caudoviricetes	Drexlerviridae	Tempevirinae	Warwickvirus	Yes	Not assayed	BtuB	None	Not assayed	AFWJDQWY_CDS_0022	NA	sound	testing	10.3390/microorganisms12020253	
CPL00144L	Escherichia phage NorthRox	MG1655_RM	lytic	not released	51138	Siphovirus	Caudoviricetes	Drexlerviridae	Tempevirinae	Warwickvirus	Yes	Not assayed	BtuB	None	Not assayed	FSSQHZVW_CDS_0022	NA	sound	testing	10.3390/microorganisms12020253	
CPL00159	Escherichia phage MikeNSara	MG1655_RM	lytic	not released	50758	Siphovirus	Caudoviricetes	Drexlerviridae	Tempevirinae	Warwickvirus	Yes	Not assayed	BtuB	None	Not assayed	QUEQFZLP_CDS_0059	NA	sound	testing	10.3390/microorganisms12020253	
CPL00160	Escherichia phage Tuinin	MG1655_RM	lytic	not released	51375	Siphovirus	Caudoviricetes	Drexlerviridae	Tempevirinae	Warwickvirus	Yes	Not assayed	BtuB	None	Not assayed	RUALHKWG_CDS_0022	NA	sound	testing	10.3390/microorganisms12020253	
CPL00168	Escherichia phage MatMar	MG1655_RM	lytic	not released	50761	Siphovirus	Caudoviricetes	Drexlerviridae	Tempevirinae	Warwickvirus	Yes	Not assayed	BtuB	None	Not assayed	YFFEFGBY_CDS_0022	NA	sound	testing	10.3390/microorganisms12020253	
CPL00188L	Escherichia phage WaterSpirit	MG1655_RM	lytic	not released	51324	Siphovirus	Caudoviricetes	Drexlerviridae	Tempevirinae	Warwickvirus	Yes	Not assayed	BtuB	None	Not assayed	SDHVTHFS_CDS_0093	NA	sound	testing	10.3390/microorganisms12020253	
CPL00224	Escherichia phage MartyMcPhage	MG1655_RM	lytic	not released	51258	Siphovirus	Caudoviricetes	Drexlerviridae	Tempevirinae	Warwickvirus	Yes	Not assayed	BtuB	None	Not assayed	LCEJJJMR_CDS_0022	NA	sound	testing	10.3390/microorganisms12020253	
Bas07	Escherichia phage JakobBernoulli	MG1655_RM	lytic	not released	51129	Siphovirus	Caudoviricetes	Drexlerviridae	Tempevirinae	Hanrivervirus	Yes	Yes	FhuA	None	FhuA	NXBDQCHB_CDS_0024	NA	sound	training	10.1371/journal.pbio.3001424	
Bas06	Escherichia phage KarlJaspers	MG1655_RM	lytic	not released	51474	Siphovirus	Caudoviricetes	Drexlerviridae	Tempevirinae	Hanrivervirus	Yes	No	BtuB	None	Resistant	JIVMRYTV_CDS_0046	NA	sound	training	10.1371/journal.pbio.3001424	
Phoecom	Escherichia phage Phoecom	MG1655_RM	lytic	not released	51874	Siphovirus	Caudoviricetes	Drexlerviridae	Tempevirinae	Hanrivervirus	Yes	Not assayed	FhuA	None	Not assayed	ONKZKUIP_CDS_0025	NA	sound	training		
Bas10	Escherichia phage IsaakIselin	MG1655_RM	lytic	not released	49911	Siphovirus	Caudoviricetes	Drexlerviridae	Tempevirinae	Henuseptimavirus	Yes	Yes	YncD	None	YncD	JRCLUMPR_CDS_0024	NA	sound	training	10.1371/journal.pbio.3001424	
Bas11	Escherichia phage JohannLBurckhardt	MG1655_RM	lytic	not released	49715	Siphovirus	Caudoviricetes	Drexlerviridae	Tempevirinae	Henuseptimavirus	Yes	Yes	YncD	None	YncD	SPEPSOOF_CDS_0024	NA	sound	training	10.1371/journal.pbio.3001424	
CPL00172	Escherichia phage BubbaBully	MG1655_RM	lytic	not released	51209	Siphovirus	Caudoviricetes	Drexlerviridae	Tempevirinae	Henuseptimavirus	Yes	Not assayed	BtuB	None	Not assayed	Unknown	NA	impossible	testing	10.3390/microorganisms12020253	
Bas08	Escherichia phage DanielBernoulli	MG1655_RM	lytic	not released	50731	Siphovirus	Caudoviricetes	Drexlerviridae	Tempevirinae	Tlsvirus	Yes	Yes	TolC	HepII	TolC	MFDRJGOD_CDS_0033	Unknown	incoherent	training	10.1371/journal.pbio.3001424	
EV116	Escherichia phage Stevie_ev116	MG1655_RM	lytic	not released	48646	Siphovirus	Caudoviricetes	Drexlerviridae	Tempevirinae	Tlsvirus	Yes	Yes	TolC	HepII	TolC	VUVXYUOA_CDS_0029	Unknown	incoherent	training	10.1038/s41467-019-14042-z	
Bas09	Escherichia phage PaulSarasin	MG1655_RM	lytic	not released	51285	Siphovirus	Caudoviricetes	Drexlerviridae	Tempevirinae	Changchunvirus	Yes	Yes	FhuA	None	FhuA	MZKJGSOF_CDS_0023	NA	sound	training	10.1371/journal.pbio.3001424	
NpY	Escherichia phage BabyEgg	MG1655_RM	lytic	not released	50849	Siphovirus	Caudoviricetes	Drexlerviridae	Tempevirinae	Jahatvirus	Yes	Not assayed	FhuA	None	Not assayed	QTLHSYQD_CDS_0024	NA	sound	testing	10.1126/science.adk1183	
Bas01	Escherichia phage AugustePiccard	MG1655_RM	lytic	not released	50126	Siphovirus	Caudoviricetes	Drexlerviridae	Braunvirinae	Augustepiccardvirus	Yes	Yes	LptD;NupG	None	NupG	TGYRQOKA_CDS_0025;TGYRQOKA_CDS_0024	NA	sound;incoherent	training	10.1371/journal.pbio.3001424	
Bas02	Escherichia phage JeanPiccard	MG1655_RM	lytic	not released	47149	Siphovirus	Caudoviricetes	Drexlerviridae	Braunvirinae	Veterinaerplatzvirus	Yes	No	LptD	None	Not assayed	TGYRQOKA_CDS_0025	NA	sound	training	10.1371/journal.pbio.3001424	
Borec	Escherichia phage Borec	MG1655_RM	lytic	not released	44504	Siphovirus	Caudoviricetes	Drexlerviridae	Braunvirinae	Veterinaerplatzvirus	Yes	No	FhuA	None	Not assayed	BGHCFRKB_CDS_0024	NA	sound	training		
Bas03	Escherichia phage JulesPiccard	MG1655_RM	lytic	not released	47731	Siphovirus	Caudoviricetes	Drexlerviridae	Braunvirinae	Julespiccardvirus	Yes	Yes	FhuA	None	FhuA	HLBFTWKQ_CDS_0026	NA	sound	training	10.1371/journal.pbio.3001424	
CPL00221	Escherichia phage RobRod40	MG1655_RM	lytic	not released	47574	Siphovirus	Caudoviricetes	Drexlerviridae	Braunvirinae	Christensenvirus	Yes	Not assayed	FhuA;NupG	None	Not assayed	ENYEITVA_CDS_0026;ENYEITVA_CDS_0024	NA	sound;incoherent	testing	10.3390/microorganisms12020253	
Bas13	Escherichia phage LeonhardEuler	MG1655_RM	lytic	not released	50192	Siphovirus	Caudoviricetes	Drexlerviridae	Tunavirinae	Tunavirus	Yes	Yes	FhuA	None	FhuA	DOJGWMXE_CDS_0023	NA	sound	training	10.1371/journal.pbio.3001424	
T1	Escherichia phage T1	MG1655_RM	lytic	not released	48737	Siphovirus	Caudoviricetes	Drexlerviridae	Tunavirinae	Tunavirus	Yes	Yes	FhuA	None	FhuA	YSENSDAY_CDS_0023	NA	sound	training		
Bas12	Escherichia phage BrunoManser	MG1655_RM	lytic	not released	49298	Siphovirus	Caudoviricetes	Drexlerviridae	Tunavirinae	Sertoctavirus	Yes	Yes	FhuA	None	FhuA	PRTJPGRF_CDS_0024	NA	sound	training	10.1371/journal.pbio.3001424	
CPL00134L	Escherichia phage Phagiculus	MG1655_RM	lytic	not released	46458	Siphovirus	Caudoviricetes	Drexlerviridae	Rogunavirinae		Yes	Not assayed	FhuA	None	Not assayed	EERUHVEO_CDS_0025	NA	sound	testing	10.3390/microorganisms12020253	
T5	Escherichia phage T5	MG1655_RM	lytic	NC_005859.1	121750	Siphovirus	Caudoviricetes	Demerecviridae	Markadamsvirinae	Tequintavirus	Yes	Yes	FhuA	None	FhuA	CINDXXZK_CDS_0188	NA	sound	training	10.1371/journal.pbio.3000877	
CEV2	Escherichia phage EcoS-CEV2	NCTC12900	lytic	not released	108308	Siphovirus	Caudoviricetes	Demerecviridae	Markadamsvirinae	Tequintavirus	Yes	Yes	FhuA	None	FhuA	ZPONHKJF_CDS_0202	NA	sound	training	10.4161/bact.1.1.14175	
EV212	Escherichia phage T5_ev212	MG1655_RM	lytic	not released	108546	Siphovirus	Caudoviricetes	Demerecviridae	Markadamsvirinae	Tequintavirus	Yes	No	BtuB	None	Resistant	TCQUYFII_CDS_0204	NA	sound	training	10.1038/s41467-019-14042-z	
Bas31	Escherichia phage DaisyDussoix	MG1655_RM	lytic	not released	113532	Siphovirus	Caudoviricetes	Demerecviridae	Markadamsvirinae	Tequintavirus	Yes	No	BtuB	None	Resistant	IGQGMNLG_CDS_0204	NA	sound	training	10.1371/journal.pbio.3001424	
Bas33	Escherichia phage HildyBeyeler	MG1655_RM	lytic	not released	111607	Siphovirus	Caudoviricetes	Demerecviridae	Markadamsvirinae	Tequintavirus	Yes	No	BtuB	None	Resistant	PYKDJPZF_CDS_0187	NA	sound	training	10.1371/journal.pbio.3001424	
Bas32	Escherichia phage IrisVonRoten	MG1655_RM	lytic	not released	112239	Siphovirus	Caudoviricetes	Demerecviridae	Markadamsvirinae	Tequintavirus	Yes	No	BtuB	None	Resistant	CLRIPMTA_CDS_0203	NA	sound	training	10.1371/journal.pbio.3001424	
Bas34	Escherichia phage SelmaRatti	MG1655_RM	lytic	not released	107080	Siphovirus	Caudoviricetes	Demerecviridae	Markadamsvirinae	Tequintavirus	Yes	No	BtuB	None	Resistant	VVPKCGFJ_CDS_0175	NA	sound	training	10.1371/journal.pbio.3001424	
K8	Enterobacteria phage K8	MG1655_RM	lytic	not released	105864	Siphovirus	Caudoviricetes	Demerecviridae	Markadamsvirinae	Tequintavirus	Yes	No	BtuB	None	Resistant	YVOPXKLF_CDS_0034	NA	sound	training	10.1128/jb.121.3.983-993.1975	
EV219	Escherichia phage T5_ev219	MG1655_RM	lytic	not released	110393	Siphovirus	Caudoviricetes	Demerecviridae	Markadamsvirinae	Tequintavirus	Yes	No	BtuB	None	Not assayed	MIXWYNPB_CDS_0200	NA	sound	training	10.1038/s41467-019-14042-z	
Mpec24	Escherichia phage Mpec24	ECOR20	lytic	not released	107902	Siphovirus	Caudoviricetes	Demerecviridae	Markadamsvirinae	Tequintavirus	Yes	Not assayed	BtuB	None	Not assayed	IARUSBAU_CDS_0201	NA	sound	training		
Mpec26	Escherichia phage Mpec26	ECOR20	lytic	not released	108633	Siphovirus	Caudoviricetes	Demerecviridae	Markadamsvirinae	Tequintavirus	Yes	Not assayed	BtuB	None	Not assayed	LCQEZHLA_CDS_0197	NA	sound	training		
CPL00124	Escherichia phage Stokescottia	MG1655_RM	lytic	not released	109873	Siphovirus	Caudoviricetes	Demerecviridae	Markadamsvirinae	Tequintavirus	Yes	Not assayed	BtuB	None	Not assayed	LWNOBFAD_CDS_0204	NA	sound	testing	10.3390/microorganisms12020253	
CPL00229	Escherichia phage vB_Eco_mar004NP2	MG1655_RM	lytic	not released	98745	Siphovirus	Caudoviricetes	Demerecviridae	Markadamsvirinae	Tequintavirus	Yes	Not assayed	BtuB	None	Not assayed	SSOQNKQH_CDS_0178	NA	sound	testing	10.3390/microorganisms12020253	
NpU	Escherichia phage KookSpook	MG1655_RM	lytic	not released	111933	Siphovirus	Caudoviricetes	Demerecviridae	Markadamsvirinae	Tequintavirus	Yes	Not assayed	BtuB	None	Not assayed	GAJPFNYJ_CDS_0208	NA	sound	testing	10.1126/science.adk1183	
CPL00220	Escherichia phage Baret	MG1655_RM	lytic	OR896834	108072	Siphovirus	Caudoviricetes	Demerecviridae	Markadamsvirinae	Tequintavirus	Yes	Not assayed	BtuB	None	Not assayed	CPL00220_CDS0193	NA	sound	testing	10.3390/microorganisms12020253	
Bas28	Escherichia phage IrmaTschudi	MG1655_RM	lytic	not released	115446	Siphovirus	Caudoviricetes	Demerecviridae	Markadamsvirinae	Epseptimavirus	Yes	No	BtuB	None	Resistant	CYVJDOKS_CDS_0206	NA	sound	training	10.1371/journal.pbio.3001424	
Bas29	Escherichia phage SuperGirl	MG1655_RM	lytic	not released	110821	Siphovirus	Caudoviricetes	Demerecviridae	Markadamsvirinae	Epseptimavirus	Yes	No	BtuB	None	Resistant	HZOICSBE_CDS_0202	NA	sound	training	10.1371/journal.pbio.3001424	
Bas27	Escherichia phage TrudiGerster	MG1655_RM	lytic	not released	114179	Siphovirus	Caudoviricetes	Demerecviridae	Markadamsvirinae	Epseptimavirus	Yes	No	BtuB	None	Resistant	JWLHPAYB_CDS_0203	NA	sound	training	10.1371/journal.pbio.3001424	
Bas30	Escherichia phage TrudiRoth	MG1655_RM	lytic	not released	114488	Siphovirus	Caudoviricetes	Demerecviridae	Markadamsvirinae	Epseptimavirus	Yes	No	BtuB	None	Resistant	KHURTKVT_CDS_0206	NA	sound	training	10.1371/journal.pbio.3001424	
Bas26	Escherichia phage GreteKellenberger	MG1655_RM	lytic	not released	114196	Siphovirus	Caudoviricetes	Demerecviridae	Markadamsvirinae	Epseptimavirus	Yes	No	BtuB	None	Resistant	CGWEGEQG_CDS_0201	NA	sound	training	10.1371/journal.pbio.3001424	
NpG	Escherichia phage SpoonbillGilly	MG1655_RM	lytic	not released	113603	Siphovirus	Caudoviricetes	Demerecviridae	Markadamsvirinae	Epseptimavirus	Yes	Not assayed	BtuB	None	Not assayed	NGVQWIFR_CDS_0201	NA	sound	testing	10.1126/science.adk1183	
CPL00136	Salmonella phage vB_SenS-3	MG1655_RM	lytic	not released	111835	Siphovirus	Caudoviricetes	Demerecviridae	Markadamsvirinae	Epseptimavirus	Yes	Not assayed	BtuB	None	Not assayed	QYUUIVOP_CDS_0202	NA	sound	testing	10.3390/microorganisms12020253	
CPL00146S	Escherichia phage SmurfNell	MG1655_RM	lytic	not released	111148	Siphovirus	Caudoviricetes	Demerecviridae	Markadamsvirinae	Epseptimavirus	Yes	Not assayed	BtuB	None	Not assayed	PSUDZULR_CDS_0203	NA	sound	testing	10.3390/microorganisms12020253	
CPL00152	Escherichia phage Aragogtheria	MG1655_RM	lytic	not released	110979	Siphovirus	Caudoviricetes	Demerecviridae	Markadamsvirinae	Epseptimavirus	Yes	Not assayed	BtuB	None	Not assayed	DSRBNMJD_CDS_0203	NA	sound	testing	10.3390/microorganisms12020253	Different from NCBI accession OR896826
CPL00262	Salmonella phage S147_CPL00262	MG1655_RM	lytic	not released	111146	Siphovirus	Caudoviricetes	Demerecviridae	Markadamsvirinae	Epseptimavirus	Yes	Not assayed	BtuB	None	Not assayed	NITIJKHF_CDS_0203	NA	sound	testing	10.3390/microorganisms12020253	Different from NCBI accession OR896839
Bas21	Escherichia phage GottfriedDienst	MG1655_RM	lytic	not released	56589	Siphovirus	Caudoviricetes		Queuovirinae	Seuratvirus	Yes	Yes	LamB	None	LamB	BUPKLOUO_CDS_0094	NA	incoherent	training	10.1371/journal.pbio.3001424	
Bas23	Escherichia phage WildeMaa	MG1655_RM	lytic	not released	60092	Siphovirus	Caudoviricetes		Queuovirinae	Seuratvirus	Yes	Yes	LamB	None	LamB	IOKLPGMV_CDS_0021	NA	incoherent	training	10.1371/journal.pbio.3001424	
Bas22	Escherichia phage KurtStettler	MG1655_RM	lytic	not released	58567	Siphovirus	Caudoviricetes		Queuovirinae	Seuratvirus	Yes	Yes	LamB	None	LamB	ORXFBCJT_CDS_0020	NA	incoherent	training	10.1371/journal.pbio.3001424	
Bas24	Escherichia phage SeppeHuegi	MG1655_RM	lytic	not released	60068	Siphovirus	Caudoviricetes		Queuovirinae	Seuratvirus	Yes	Yes	LamB	None	LamB	FZSWNBSY_CDS_0020	NA	incoherent	training	10.1371/journal.pbio.3001424	
Bas25	Escherichia phage VogelGryff	MG1655_RM	lytic	not released	58342	Siphovirus	Caudoviricetes		Queuovirinae	Seuratvirus	Yes	No	LptD	HepII	Resistant	EHSUDZXI_CDS_0021	Unknown	sound	training	10.1371/journal.pbio.3001424	
HSDP3	Escherichia phage HSDP3	HSF	lytic	not released	61287	Siphovirus	Caudoviricetes		Queuovirinae	Seuratvirus	No	Not assayed	LptD	Resistant	Not assayed	WSPMETMS_CDS_0022	NA	sound	training		Receptor predicted computationally
Bas19	Escherichia phage ChristophMerian	MG1655_RM	lytic	not released	58073	Siphovirus	Caudoviricetes		Queuovirinae	Nonagvirus	Yes	Yes	LptD	HepII	Unknown	AIXZVOHO_CDS_0021	Unknown	sound	training	10.1371/journal.pbio.3001424	
Bas20	Escherichia phage FritzHoffmann	MG1655_RM	lytic	not released	59834	Siphovirus	Caudoviricetes		Queuovirinae	Nonagvirus	Yes	Yes	LptD	HepII	Unknown	FLXSWPQR_CDS_0020	Unknown	sound	training	10.1371/journal.pbio.3001424	
Bas17	Escherichia phage KarlBarth	MG1655_RM	lytic	not released	43104	Siphovirus	Caudoviricetes			Dhillonvirus	Yes	Yes	FhuA	None	FhuA	LRSPORSB_CDS_0026	NA	sound	training	10.1371/journal.pbio.3001424	
Bas15	Escherichia phage PaulFeyerabend	MG1655_RM	lytic	not released	44550	Siphovirus	Caudoviricetes			Dhillonvirus	Yes	Yes	FhuA	None	FhuA	UMNSTNCK_CDS_0028	NA	sound	training	10.1371/journal.pbio.3001424	
Bas16	Escherichia phage GeorgBuechner	MG1655_RM	lytic	not released	44295	Siphovirus	Caudoviricetes			Dhillonvirus	Yes	Yes	FhuA	None	FhuA	TNVQHEVZ_CDS_0027	NA	sound	training	10.1371/journal.pbio.3001424	
Bas18	Escherichia phage Oekolampad	MG1655_RM	lytic	not released	44882	Siphovirus	Caudoviricetes			Dhillonvirus	Yes	No	LptD	None	Resistant	XENSDOCF_CDS_0025	NA	sound	training	10.1371/journal.pbio.3001424	
Bas14	Escherichia phage TheodorHerzl	MG1655_RM	lytic	not released	43627	Siphovirus	Caudoviricetes			Dhillonvirus	Yes	No	LptD	None	Resistant	ORHKTRUC_CDS_0025	NA	sound	training	10.1371/journal.pbio.3001424	
K25	Enterobacteria phage K25	MG1655_RM	lytic	not released	44483	Siphovirus	Caudoviricetes			Dhillonvirus	Yes	No	BtuB	None	Resistant	GNNLPLNT_CDS_0026	NA	sound	training	10.1128/jb.121.3.983-993.1975	
Bas83	Escherichia phage Haito	MG1655_RM wbbL(+)	lytic	not released	44876	Siphovirus	Caudoviricetes			Dhillonvirus	No	Not assayed	LptD	Resistant	Not assayed	IWXVDRFL_CDS_0027	NA	sound	testing	10.1371/journal.pbio.3003063	Receptor predicted computationally
Bas84	Escherichia phage JohannBuxtorf	MG1655_RM wbbL(+)	lytic	not released	44290	Siphovirus	Caudoviricetes			Dhillonvirus	No	Not assayed	LptD	Resistant	Not assayed	DJHIRBPW_CDS_0026	NA	sound	testing	10.1371/journal.pbio.3003063	Receptor predicted computationally
Bas85	Escherichia phage RuthEpting	MG1655_RM wbbL(+)	lytic	PQ850624	44889	Siphovirus	Caudoviricetes			Dhillonvirus	Yes	Not assayed	LptD	GluI	Not assayed	ZVDNCYCM_CDS_0027	NA	sound	testing	10.1371/journal.pbio.3003063	
CPL00259L	Escherichia phage McMelon	MG1655_RM	lytic	not released	44740	Siphovirus	Caudoviricetes			Dhillonvirus	Yes	Not assayed	FhuA	None	Not assayed	NRAOJAPM_CDS_0025	NA	sound	testing	10.3390/microorganisms12020253	
KCP017	Escherichia phage KCP017	MG1655_RM	lytic	not released	43784	Siphovirus	Caudoviricetes			Dhillonvirus	Yes	Not assayed	FhuA	None	Not assayed	GKIPICCI_CDS_0030	NA	sound	testing	10.1101/2025.11.01.684647	
KCP042	Escherichia phage KCP042	MG1655_RM	lytic	not released	43741	Siphovirus	Caudoviricetes			Dhillonvirus	Yes	Not assayed	FhuA	None	Not assayed	NWAWTSII_CDS_0027	NA	sound	testing	10.1101/2025.11.01.684647	
KCP045	Escherichia phage KCP045	MG1655_RM	lytic	not released	44581	Siphovirus	Caudoviricetes			Dhillonvirus	Yes	Not assayed	FhuA	None	Not assayed	VPWLSHXC_CDS_0028	NA	sound	testing	10.1101/2025.11.01.684647	
KCP068	Escherichia phage KCP068	MG1655_RM	lytic	not released	44793	Siphovirus	Caudoviricetes			Dhillonvirus	Yes	Not assayed	LptD	HepI	Not assayed	DKTSWBHU_CDS_0025	Unknown	sound	testing	10.1101/2025.11.01.684647	
Lambda	Escherichia phage Lambda	MG1655_RM	temperate/lytic	NC_001416.1	48502	Siphovirus	Caudoviricetes			Lambdavirus	Yes	Yes	LamB	None	LamB	DKFPHVKR_CDS_0022	NA	incoherent	training	10.1371/journal.pbio.3000877	
HSDP1	Escherichia phage HSDP1	HSF	lytic	not released	56296	Siphovirus	Caudoviricetes			Sashavirus	No	Not assayed	Resistant	Resistant	Not assayed	Unknown	Unknown	impossible	training		
NpB	Escherichia phage LMessi	MG1655_RM	temperate	not released	37196	Siphovirus	Caudoviricetes		Hendrixvirinae		Yes	Not assayed	YncD	None	Not assayed	PDUVQMEZ_CDS_0021	NA	sound	testing	10.1126/science.adk1183	Receptor predicted computationally
NpD	Escherichia phage SaltyDalty	MG1655_RM	temperate	not released	40233	Siphovirus	Caudoviricetes		Hendrixvirinae		Yes	Not assayed	BtuB	None	Not assayed	BGUMGJSG_CDS_0023	NA	sound	testing	10.1126/science.adk1183	Receptor predicted computationally
NpK	Escherichia phage Fostie	MG1655_RM	temperate	not released	38253	Siphovirus	Caudoviricetes		Hendrixvirinae		Yes	Not assayed	FhuA	None	Not assayed	WFSUXHEI_CDS_0019	NA	sound	testing	10.1126/science.adk1183	
NpA	Escherichia phage Eeyore	MG1655_RM	temperate	not released	45054	Siphovirus	Caudoviricetes				Yes	Not assayed	YncD	None	Not assayed	GHAEWHHB_CDS_0019	NA	sound	testing	10.1126/science.adk1183	Receptor predicted computationally
NpO	Escherichia phage MagusPhagus	MG1655_RM	temperate	not released	54396	Siphovirus	Caudoviricetes				Yes	Not assayed	LamB	None	Not assayed	BXBOOQYK_CDS_0031	NA	failed	testing	10.1126/science.adk1183	Receptor predicted computationally
Bas70	Escherichia phage MarieHeimVoegtlin	MG1655_RM wbbL(+)	lytic	not released	43265	Siphovirus	Caudoviricetes		Guernseyvirinae	Kagunavirus	No	Not assayed	Resistant	Resistant	Not assayed	Unknown	Unknown	impossible	training	10.1371/journal.pbio.3003063	
Bas71	Escherichia phage LotteLoewe	MG1655_RM wbbL(+)	lytic	not released	42712	Siphovirus	Caudoviricetes		Guernseyvirinae	Kagunavirus	No	Not assayed	Resistant	Resistant	Not assayed	Unknown	Unknown	impossible	training	10.1371/journal.pbio.3003063	
Bas72	Escherichia phage NicoleGrasset	MG1655_RM wbbL(+)	lytic	not released	43746	Siphovirus	Caudoviricetes		Guernseyvirinae	Kagunavirus	No	Not assayed	Resistant	Resistant	Not assayed	Unknown	Unknown	impossible	training	10.1371/journal.pbio.3003063	
Bas73	Escherichia phage GertrudWoker	MG1655_RM wbbL(+)	lytic	not released	43856	Siphovirus	Caudoviricetes		Guernseyvirinae	Kagunavirus	No	Not assayed	Resistant	Resistant	Not assayed	Unknown	Unknown	impossible	training	10.1371/journal.pbio.3003063	
Bas74	Escherichia phage SonjaBuckley	MG1655_RM wbbL(+)	lytic	not released	43096	Siphovirus	Caudoviricetes		Guernseyvirinae	Kagunavirus	No	Not assayed	Resistant	Resistant	Not assayed	Unknown	Unknown	impossible	training	10.1371/journal.pbio.3003063	
Bas75	Escherichia phage AnnaReinhart	MG1655_RM wbbL(+)	lytic	not released	43846	Siphovirus	Caudoviricetes		Guernseyvirinae	Kagunavirus	No	Not assayed	Resistant	Resistant	Not assayed	Unknown	Unknown	impossible	training	10.1371/journal.pbio.3003063	
Bas76	Escherichia phage VerenaMeyer	MG1655_RM wbbL(+)	lytic	not released	43821	Siphovirus	Caudoviricetes		Guernseyvirinae	Kagunavirus	No	Not assayed	Resistant	Resistant	Not assayed	Unknown	Unknown	impossible	training	10.1371/journal.pbio.3003063	
Bas77	Escherichia phage ClaudiaMuster	MG1655_RM wbbL(+)	lytic	not released	46037	Siphovirus	Caudoviricetes			Skatevirus	No	Not assayed	Resistant	Resistant	Not assayed	Unknown	Unknown	impossible	training	10.1371/journal.pbio.3003063	
Bas78	Escherichia phage SandraMuster	MG1655_RM wbbL(+)	lytic	not released	46496	Siphovirus	Caudoviricetes			Skatevirus	No	Not assayed	Resistant	Resistant	Not assayed	Unknown	Unknown	impossible	training	10.1371/journal.pbio.3003063	
Bas79	Escherichia phage SusanneMuster	MG1655_RM wbbL(+)	lytic	not released	46874	Siphovirus	Caudoviricetes			Skatevirus	No	Not assayed	Resistant	Resistant	Not assayed	Unknown	Unknown	impossible	training	10.1371/journal.pbio.3003063	
Bas81	Escherichia phage TanjaMuster	MG1655_RM wbbL(+)	lytic	not released	47623	Siphovirus	Caudoviricetes			Skatevirus	No	Not assayed	Resistant	Resistant	Not assayed	Unknown	Unknown	impossible	training	10.1371/journal.pbio.3003063	
Bas82	Escherichia phage KarinMuster	MG1655_RM wbbL(+)	lytic	not released	58509	Siphovirus	Caudoviricetes			Nonanavirus	No	Not assayed	Resistant	Resistant	Not assayed	Unknown	Unknown	impossible	training	10.1371/journal.pbio.3003063	
Bas65	Escherichia phage JacobBurckhardt	MG1655_RM	lytic	not released	39451	Podovirus	Caudoviricetes	Autotranscriptaviridae	Studiervirinae	Teseptimavirus	Yes	Yes	LPS	GluI	Not assayed	RZLDFNDB_CDS_0055	NA	impossible	training	10.1371/journal.pbio.3001424	
Bas64	Escherichia phage JeanTinguely	MG1655_RM	lytic	not released	39451	Podovirus	Caudoviricetes	Autotranscriptaviridae	Studiervirinae	Teseptimavirus	Yes	Yes	LPS	GluI	Not assayed	OMMBWZGT_CDS_0059	NA	impossible	training	10.1371/journal.pbio.3001424	
T7	Escherichia phage T7	MG1655_RM	lytic	NC_001604.1	39937	Podovirus	Caudoviricetes	Autotranscriptaviridae	Studiervirinae	Teseptimavirus	Yes	Yes	LPS	GluI	Not assayed	KQQJLHYB_CDS_0052	NA	impossible	training	10.1371/journal.pbio.3000877	
Bas102	Escherichia phage MeretOppenheim	MG1655_RM wbbL(+)	lytic	PQ850620	39651	Podovirus	Caudoviricetes	Autotranscriptaviridae	Studiervirinae	Teseptimavirus	No	Not assayed	Resistant	Resistant	Not assayed	Unknown	Unknown	impossible	training	10.1371/journal.pbio.3003063	
Bas103	Escherichia phage EmilieLinder	MG1655_RM wbbL(+)	lytic	PQ850602	40176	Podovirus	Caudoviricetes	Autotranscriptaviridae	Studiervirinae	Teseptimavirus	No	Not assayed	Resistant	Resistant	Not assayed	Unknown	Unknown	impossible	training	10.1371/journal.pbio.3003063	
Bas68	Escherichia phage CarlSpitteler	MG1655_RM	lytic	not released	39466	Podovirus	Caudoviricetes	Autotranscriptaviridae	Studiervirinae	Berlinvirus	Yes	Yes	LPS	GluI	Not assayed	ZBDWDYIX_CDS_0006	NA	impossible	training	10.1371/journal.pbio.3001424	
Bas67	Escherichia phage ErnstBeyeler	MG1655_RM	lytic	not released	39315	Podovirus	Caudoviricetes	Autotranscriptaviridae	Studiervirinae	Berlinvirus	Yes	Yes	LPS	GluI	Not assayed	UNPUNFBH_CDS_0057	NA	impossible	training	10.1371/journal.pbio.3001424	
Mnm6	Escherichia phage Mnm6	ECRC55	lytic	not released	39643	Podovirus	Caudoviricetes	Autotranscriptaviridae	Studiervirinae	Berlinvirus	No	Not assayed	Resistant	Resistant	Not assayed	Unknown	Unknown	impossible	training		
Bas66	Escherichia phage T3K12	MG1655_RM	lytic	not released	38194	Podovirus	Caudoviricetes	Autotranscriptaviridae	Studiervirinae	Teetrevirus	Yes	Yes	LPS	GluI	Not assayed	FIEVNIGD_CDS_0046	NA	impossible	training	10.1371/journal.pbio.3001424	
K30	Enterobacteria phage K30	E69 O9:K30:H12	lytic	not released	40940	Podovirus	Caudoviricetes	Autotranscriptaviridae	Studiervirinae	Przondovirus	No	No	Resistant	Resistant	Not assayed	Unknown	Unknown	impossible	training	10.1128/jb.121.3.983-993.1975	
Bas105	Escherichia phage ElsieAttenhofer	MG1655_RM wbbL(+)	lytic	PQ850601	39718	Podovirus	Caudoviricetes	Autotranscriptaviridae	Studiervirinae	Kayfunavirus	No	Not assayed	Resistant	Resistant	Not assayed	Unknown	Unknown	impossible	training	10.1371/journal.pbio.3003063	
Mnm8	Escherichia phage Mnm8	BW25113-pCA24N(rcsA)	lytic	not released	42716	Podovirus	Caudoviricetes	Autotranscriptaviridae	Stentvirinae	Bonnellvirus	No	Not assayed	Resistant	Resistant	Not assayed	Unknown	Unknown	impossible	training		
Mnm10	Escherichia phage Mnm10	BW25113-pCA24N(rcsA)	lytic	not released	42659	Podovirus	Caudoviricetes	Autotranscriptaviridae	Stentvirinae	Bonnellvirus	No	Not assayed	Resistant	Resistant	Not assayed	Unknown	Unknown	impossible	training		
Bas69	Escherichia phage AlfredRasser	MG1655_RM	lytic	not released	70849	Podovirus	Caudoviricetes	Schitoviridae	Enquatrovirinae	Enquatrovirus	Yes	No	NGR	None	Resistant	ELNDQXHU_CDS_0073;ELNDQXHU_CDS_0074	NA	impossible	training	10.1371/journal.pbio.3001424	
N4	Escherichia phage N4	MG1655_RM	lytic	NC_008720.1	70153	Podovirus	Caudoviricetes	Schitoviridae	Enquatrovirinae	Enquatrovirus	Yes	No	NGR	None	Resistant	MCRKXSSW_CDS_0005;MCRKXSSW_CDS_0004	NA	impossible	training	10.1371/journal.pbio.3000877	
Bas96	Escherichia phage RudolfBernhard	MG1655_RM wbbL(+)	lytic	not released	71918	Podovirus	Caudoviricetes	Schitoviridae	Enquatrovirinae	Gamaleyavirus	No	Not assayed	Resistant	Resistant	Not assayed	Unknown	Unknown	impossible	training	10.1371/journal.pbio.3003063	
TP9	Escherichia coli O157 typing phage 9	O157:H7 B1328-C10	temperate	not released	43991	Podovirus	Caudoviricetes			Uetakevirus	No	No	Resistant	Resistant	Resistant	Unknown	Unknown	impossible	training	10.1186/s12864-015-1470-z	
Bas86	Escherichia phage OliverMaurmann	MG1655_RM wbbL(+)	lytic	PQ850622	76140	Podovirus	Caudoviricetes		Gordonclarckvirinae	Suseptimavirus	No	Not assayed	Resistant	Resistant	Not assayed	Unknown	Unknown	impossible	training	10.1371/journal.pbio.3003063	
Bas87	Escherichia phage AnnaHegner	MG1655_RM wbbL(+)	lytic	not released	77516	Podovirus	Caudoviricetes		Gordonclarckvirinae	Suseptimavirus	No	Not assayed	Resistant	Resistant	Not assayed	Unknown	Unknown	impossible	training	10.1371/journal.pbio.3003063	
Bas90	Escherichia phage SkaterBoy	MG1655_RM wbbL(+)	lytic	not released	77534	Podovirus	Caudoviricetes		Gordonclarckvirinae	Kuravirus	No	Not assayed	Resistant	Resistant	Not assayed	Unknown	Unknown	impossible	training	10.1371/journal.pbio.3003063	
Bas91	Escherichia phage LorandFenyves	MG1655_RM wbbL(+)	lytic	PQ850614	76436	Podovirus	Caudoviricetes		Gordonclarckvirinae	Kuravirus	No	Not assayed	Resistant	Resistant	Not assayed	Unknown	Unknown	impossible	training	10.1371/journal.pbio.3003063	
Bas92	Escherichia phage JacquesWildberger	MG1655_RM wbbL(+)	lytic	not released	67748	Podovirus	Caudoviricetes		Gordonclarckvirinae	Kuravirus	No	Not assayed	Resistant	Resistant	Not assayed	Unknown	Unknown	impossible	training	10.1371/journal.pbio.3003063	
Bas93	Escherichia phage AidaStucki	MG1655_RM wbbL(+)	lytic	not released	68851	Podovirus	Caudoviricetes		Gordonclarckvirinae	Kuravirus	No	Not assayed	Resistant	Resistant	Not assayed	Unknown	Unknown	impossible	training	10.1371/journal.pbio.3003063	
Bas94	Escherichia phage ManiMatter	MG1655_RM wbbL(+)	lytic	PQ850617	69824	Podovirus	Caudoviricetes		Gordonclarckvirinae	Kuravirus	No	Not assayed	Resistant	Resistant	Not assayed	Unknown	Unknown	impossible	training	10.1371/journal.pbio.3003063	
Bas106	Escherichia phage CurroJimenez	MG1655_RM wbbL(+)	lytic	PQ850599	39042	Podovirus	Caudoviricetes			Lederbergvirus	No	Not assayed	Resistant	Resistant	Not assayed	Unknown	Unknown	impossible	training	10.1371/journal.pbio.3003063	
